NodeID,PaperTitle,Type,Authors,PublicationYear,DOI
10.1145/3543873.3587570,Graph Embedding for Mapping Interdisciplinary Research Networks,Seed,"Eoghan Cunningham, Derek Greene",2023,10.1145/3543873.3587570
10.18653/v1/D19-1371,SciBERT: A Pretrained Language Model for Scientifc Text,Reference,"Iz Beltagy, Kyle Lo, and Arman Cohan",2019,10.18653/v1/D19-1371
10.18653/v1/W19-1909,Publicly Available Clinical BERT Embeddings,ReferenceOfReference,"['Emily Alsentzer', 'John R. Murphy', 'Willie Boag', 'W. Weng', 'Di Jin', 'Tristan Naumann', 'Matthew B. A. McDermott']",2019,10.18653/v1/W19-1909
10.18653/v1/N19-1361,Structural Scaffolds for Citation Intent Classification in Scientific Publications,ReferenceOfReference,"['Arman Cohan', 'Bridger Waleed Ammar', 'Madeleine van Zuylen', 'Field Cady']",2019,10.18653/v1/N19-1361
10.18653/v1/W19-5034,ScispaCy: Fast and Robust Models for Biomedical Natural Language Processing,ReferenceOfReference,"['Mark Neumann', 'Daniel King', 'Iz Beltagy', 'Bridger Waleed Ammar']",2019,10.18653/v1/W19-5034
10.1093/bioinformatics/btz682,BioBERT: a pre-trained biomedical language representation model for biomedical text mining,ReferenceOfReference,"['Jinhyuk Lee', 'WonJin Yoon', 'Sungdong Kim', 'Donghyeon Kim', 'Sunkyu Kim', 'Chan Ho So', 'Jaewoo Kang']",2019,10.1093/bioinformatics/btz682
10.1186/s12859-019-2813-6,CollaboNet: collaboration of deep neural networks for biomedical named entity recognition,ReferenceOfReference,"['WonJin Yoon', 'Chan Ho So', 'Jinhyuk Lee', 'Jaewoo Kang']",2018,10.1186/s12859-019-2813-6
10.18653/v1/D18-1360,"Multi-Task Identification of Entities, Relations, and Coreference for Scientific Knowledge Graph Construction",ReferenceOfReference,"['Yi Luan', 'Luheng He', 'Mari Ostendorf', 'Hannaneh Hajishirzi']",2018,10.18653/v1/D18-1360
10.1186/s12859-019-2604-0,From POS tagging to dependency parsing for biomedical event extraction,ReferenceOfReference,"['Dat Quoc Nguyen', 'Karin M. Verspoor']",2018,10.1186/s12859-019-2604-0
10.1162/tacl_a_00028,Measuring the Evolution of a Scientific Field through Citation Frames,ReferenceOfReference,"['David Jurgens', 'Srijan Kumar', 'Raine Hoover', 'Daniel A. McFarland', 'Dan Jurafsky']",2018,10.1162/tacl_a_00028
10.18653/v1/P18-1019,"A Corpus with Multi-Level Annotations of Patients, Interventions and Outcomes to Support Language Processing for Medical Literature",ReferenceOfReference,"['Benjamin E. Nye', 'Junyi Jessy Li', 'Roma Patel', 'Yinfei Yang', 'I. Marshall', 'A. Nenkova', 'Byron C. Wallace']",2018,10.18653/v1/P18-1019
10.18653/v1/N18-3011,Construction of the Literature Graph in Semantic Scholar,ReferenceOfReference,"['Bridger Waleed Ammar', 'Dirk Groeneveld', 'Chandra Bhagavatula', 'Iz Beltagy', 'Miles Crawford', 'Doug Downey', 'Jason Dunkelberger', 'Ahmed Elgohary', 'Sergey Feldman', 'Vu A. Ha', 'Rodney Michael Kinney', 'Sebastian Kohlmeier', 'Kyle Lo', 'Tyler C. Murray', 'Hsu-Han Ooi', 'Matthew E. Peters', 'Joanna L. Power', 'Sam Skjonsberg', 'Lucy Lu Wang', 'Christopher Wilhelm', 'Zheng Yuan', 'Madeleine van Zuylen', 'Oren Etzioni']",2018,10.18653/v1/N18-3011
10.18653/v1/W18-2501,AllenNLP: A Deep Semantic Natural Language Processing Platform,ReferenceOfReference,"['Matt Gardner', 'Joel Grus', 'Mark Neumann', 'Oyvind Tafjord', 'Pradeep Dasigi', 'Nelson F. Liu', 'Matthew E. Peters', 'Michael Schmitz', 'Luke Zettlemoyer']",2018,10.18653/v1/W18-2501
10.18653/v1/N18-1202,Deep Contextualized Word Representations,ReferenceOfReference,"['Matthew E. Peters', 'Mark Neumann', 'Mohit Iyyer', 'Matt Gardner', 'Christopher Clark', 'Kenton Lee', 'Luke Zettlemoyer']",2018,10.18653/v1/N18-1202
10.18653/v1/P18-1031,Universal Language Model Fine-tuning for Text Classification,ReferenceOfReference,"['Jeremy Howard', 'Sebastian Ruder']",2018,10.18653/v1/P18-1031
10.18653/v1/D17-1035,Reporting Score Distributions Makes a Difference: Performance Study of LSTM-networks for Sequence Tagging,ReferenceOfReference,"['Nils Reimers', 'Iryna Gurevych']",2017,10.18653/v1/D17-1035
10.1093/database/baw068,BioCreative V CDR task corpus: a resource for chemical disease relation extraction,ReferenceOfReference,"['Jiao Li', 'Yueping Sun', 'Robin J. Johnson', 'D. Sciaky', 'Chih-Hsuan Wei', 'Robert Leaman', 'A. P. Davis', 'C. Mattingly', 'Thomas C. Wiegers', 'Zhiyong Lu']",2016,10.1093/database/baw068
10.1038/sdata.2016.35,"MIMIC-III, a freely accessible critical care database",ReferenceOfReference,"['Alistair E. W. Johnson', 'T. Pollard', 'Lu Shen', 'Li-wei H. Lehman', 'M. Feng', 'M. Ghassemi', 'Benjamin Moody', 'Peter Szolovits', 'L. Celi', 'R. Mark']",2016,10.1038/sdata.2016.35
10.18653/v1/P16-1101,End-to-end Sequence Labeling via Bi-directional LSTM-CNNs-CRF,ReferenceOfReference,"['Xuezhe Ma', 'E. Hovy']",2016,10.18653/v1/P16-1101
10.1093/database/bav123,ChemProt-3.0: a global chemical biology diseases mapping,ReferenceOfReference,"['J. Kringelum', 'S. K. Kjærulff', 'S. Brunak', 'O. Lund', 'Tudor I. Oprea', 'O. Taboureau']",2016,10.1093/database/bav123
10.1145/2740908.2742839,An Overview of Microsoft Academic Service (MAS) and Applications,ReferenceOfReference,"['Arnab Sinha', 'Zhihong Shen', 'Yang Song', 'Hao Ma', 'Darrin Eide', 'B. Hsu', 'Kuansan Wang']",2015,10.1145/2740908.2742839
10.1016/j.jbi.2013.12.006,NCBI disease corpus: A resource for disease name recognition and concept normalization,ReferenceOfReference,"['R. Dogan', 'Robert Leaman', 'Zhiyong Lu']",2014,10.1016/j.jbi.2013.12.006
10.1186/1471-2105-12-S2-S5,Automatic classification of sentences to support Evidence Based Medicine,ReferenceOfReference,"['Su Nam Kim', 'David Martínez', 'L. Cavedon', 'Lars Yencken']",2011,10.1186/1471-2105-12-S2-S5
10.3115/1567594.1567610,Introduction to the Bio-entity Recognition Task at JNLPBA,ReferenceOfReference,"['Nigel Collier', 'Jin-Dong Kim']",2004,10.3115/1567594.1567610
10.1093/BIOINFORMATICS/BTG1023,GENIA corpus - a semantically annotated corpus for bio-textmining,ReferenceOfReference,"['Jin-Dong Kim', 'Tomoko Ohta', 'Yuka Tateisi', 'Junichi Tsujii']",2003,10.1093/BIOINFORMATICS/BTG1023
10.18653/v1/N19-1423,BERT: Pre-training of Deep Bidirectional Transformers for Language Understanding,ReferenceOfReference,"['Jacob Devlin', 'Ming-Wei Chang', 'Kenton Lee', 'Kristina Toutanova']",2019,10.18653/v1/N19-1423
10.1109/TKDE.2018.2807452,"A Comprehensive Survey of Graph Embedding: Problems, Techniques, and Applications",Reference,"H. Cai, V. W. Zheng, and K. Chang",2018,10.1109/TKDE.2018.2807452
10.1609/aaai.v32i1.11885,Distance-Aware DAG Embedding for Proximity Search on Heterogeneous Graphs,ReferenceOfReference,"['Zemin Liu', 'V. Zheng', 'Zhou Zhao', 'Fanwei Zhu', 'K. Chang', 'Minghui Wu', 'Jing Ying']",2018,10.1609/aaai.v32i1.11885
10.1145/3178876.3186073,Subgraph-augmented Path Embedding for Semantic User Search on Heterogeneous Social Network,ReferenceOfReference,"['Zemin Liu', 'V. Zheng', 'Zhou Zhao', 'Hongxia Yang', 'K. Chang', 'Minghui Wu', 'Jing Ying']",2018,10.1145/3178876.3186073
10.1109/TPAMI.2018.2839733,Piecewise Flat Embedding for Image Segmentation,ReferenceOfReference,"['Chaowei Fang', 'Zicheng Liao', 'Yizhou Yu']",2018,10.1109/TPAMI.2018.2839733
10.1109/TKDE.2017.2754499,Knowledge Graph Embedding: A Survey of Approaches and Applications,ReferenceOfReference,"['Quan Wang', 'Zhendong Mao', 'Bin Wang', 'Li Guo']",2017,10.1109/TKDE.2017.2754499
10.1145/3132847.3132925,Learning Community Embedding with Community Detection and Node Embedding on Graphs,ReferenceOfReference,"['Sandro Cavallari', 'V. Zheng', 'Hongyun Cai', 'K. Chang', 'E. Cambria']",2017,10.1145/3132847.3132925
10.1109/ICDM.2017.57,Topological Recurrent Neural Network for Diffusion Prediction,ReferenceOfReference,"['Jia Wang', 'V. Zheng', 'Zemin Liu', 'K. Chang']",2017,10.1109/ICDM.2017.57
10.24963/ijcai.2017/544,Fast Network Embedding Enhancement via High Order Proximity Approximation,ReferenceOfReference,"['Cheng Yang', 'Maosong Sun', 'Zhiyuan Liu', 'Cunchao Tu']",2017,10.24963/ijcai.2017/544
10.24963/ijcai.2017/472,User Profile Preserving Social Network Embedding,ReferenceOfReference,"['Daokun Zhang', 'Jie Yin', 'Xingquan Zhu', 'Chengqi Zhang']",2017,10.24963/ijcai.2017/472
10.1145/3097983.3098036,metapath2vec: Scalable Representation Learning for Heterogeneous Networks,ReferenceOfReference,"['Yuxiao Dong', 'N. Chawla', 'A. Swami']",2017,10.1145/3097983.3098036
10.24963/ijcai.2017/361,Flexible Orthogonal Neighborhood Preserving Embedding,ReferenceOfReference,"['Tianji Pang', 'F. Nie', 'Junwei Han']",2017,10.24963/ijcai.2017/361
10.1016/j.knosys.2018.03.022,"Graph Embedding Techniques, Applications, and Performance: A Survey",ReferenceOfReference,"['Palash Goyal', 'Emilio Ferrara']",2017,10.1016/j.knosys.2018.03.022
10.1145/3097983.3098061,struc2vec: Learning Node Representations from Structural Identity,ReferenceOfReference,"['Leonardo F. R. Ribeiro', 'Pedro H. P. Saverese', 'Daniel R. Figueiredo']",2017,10.1145/3097983.3098061
10.1145/3038912.3052558,Explicit Semantic Ranking for Academic Search via Knowledge Graph Embedding,ReferenceOfReference,"['Chenyan Xiong', 'Russell Power', 'Jamie Callan']",2017,10.1145/3038912.3052558
10.1145/3038912.3052575,Cross View Link Prediction by Learning Noise-resilient Representation Consensus,ReferenceOfReference,"['Xiaokai Wei', 'Linchuan Xu', 'Bokai Cao', 'Philip S. Yu']",2017,10.1145/3038912.3052575
10.1145/3038912.3052601,"Regions, Periods, Activities: Uncovering Urban Dynamics via Cross-Modal Representation Learning",ReferenceOfReference,"['Chao Zhang', 'Keyang Zhang', 'Quan Yuan', 'Haoruo Peng', 'Yu Zheng', 'T. Hanratty', 'Shaowen Wang', 'Jiawei Han']",2017,10.1145/3038912.3052601
10.1109/TKDE.2016.2632716,Using Geodesic Space Density Gradients for Network Community Detection,ReferenceOfReference,"['A. Mahmood', 'M. Small', 'S. Al-Maadeed', 'N. Rajpoot']",2017,10.1109/TKDE.2016.2632716
10.1109/TKDE.2016.2638425,SSE: Semantically Smooth Embedding for Knowledge Graphs,ReferenceOfReference,"['Shu Guo', 'Quan Wang', 'Bin Wang', 'Lihong Wang', 'Li Guo']",2017,10.1109/TKDE.2016.2638425
10.1609/aaai.v31i1.10839,Matching Node Embeddings for Graph Similarity,ReferenceOfReference,"['Giannis Nikolentzos', 'Polykarpos Meladianos', 'M. Vazirgiannis']",2017,10.1609/aaai.v31i1.10839
10.1609/aaai.v31i1.10814,Unsupervised Large Graph Embedding,ReferenceOfReference,"['F. Nie', 'Wei Zhu', 'Xuelong Li']",2017,10.1609/aaai.v31i1.10814
10.1609/aaai.v31i1.10878,Scalable Graph Embedding for Asymmetric Proximity,ReferenceOfReference,"['Chang Zhou', 'Yuqiong Liu', 'Xiaofei Liu', 'Zhongyi Liu', 'Jun Gao']",2017,10.1609/aaai.v31i1.10878
10.1609/aaai.v31i1.10999,Community-Based Question Answering via Asymmetric Multi-Faceted Ranking Network Learning,ReferenceOfReference,"['Zhou Zhao', 'Hanqing Lu', 'V. Zheng', 'Deng Cai', 'Xiaofei He', 'Yueting Zhuang']",2017,10.1609/aaai.v31i1.10999
10.1609/aaai.v31i1.10951,Incorporating Knowledge Graph Embeddings into Topic Modeling,ReferenceOfReference,"['Liang Yao', 'Yin Zhang', 'Baogang Wei', 'Zhe Jin', 'Rui Zhang', 'Yangyang Zhang', 'Qinfei Chen']",2017,10.1609/aaai.v31i1.10951
10.1609/aaai.v31i1.11067,Community-Based Question Answering via Contextual Ranking Metric Network Learning,ReferenceOfReference,"['Hanqing Lu', 'Ming Kong']",2017,10.1609/aaai.v31i1.11067
10.1609/aaai.v31i1.10486,Semantic Proximity Search on Heterogeneous Graph by Proximity Embedding,ReferenceOfReference,"['Zemin Liu', 'V. Zheng', 'Zhou Zhao', 'Fanwei Zhu', 'K. Chang', 'Minghui Wu', 'Jing Ying']",2017,10.1609/aaai.v31i1.10486
10.1609/aaai.v31i1.10488,Community Preserving Network Embedding,ReferenceOfReference,"['Xiao Wang', 'Peng Cui', 'Jing Wang', 'J. Pei', 'Wenwu Zhu', 'Shiqiang Yang']",2017,10.1609/aaai.v31i1.10488
10.1109/ICDM.2016.0111,Large-Scale Embedding Learning in Heterogeneous Event Data,ReferenceOfReference,"['Huan Gui', 'Jialu Liu', 'Fangbo Tao', 'Meng Jiang', 'Brandon Norick', 'Jiawei Han']",2016,10.1109/ICDM.2016.0111
10.1109/ICDM.2016.0072,"Homophily, Structure, and Content Augmented Network Representation Learning",ReferenceOfReference,"['Daokun Zhang', 'Jie Yin', 'Xingquan Zhu', 'Chengqi Zhang']",2016,10.1109/ICDM.2016.0072
10.1109/ICDM.2016.0090,Learning from Your Network of Friends: A Trajectory Representation Learning Model Based on Online Social Ties,ReferenceOfReference,"['Basma Alharbi', 'Xiangliang Zhang']",2016,10.1109/ICDM.2016.0090
10.1109/CVPR.2017.576,Geometric Deep Learning on Graphs and Manifolds Using Mixture Model CNNs,ReferenceOfReference,"['Federico Monti', 'Davide Boscaini', 'Jonathan Masci', 'E. Rodolà', 'Jan Svoboda', 'M. Bronstein']",2016,10.1109/CVPR.2017.576
10.1109/MSP.2017.2693418,Geometric Deep Learning: Going beyond Euclidean data,ReferenceOfReference,"['M. Bronstein', 'Joan Bruna', 'Yann LeCun', 'Arthur Szlam', 'P. Vandergheynst']",2016,10.1109/MSP.2017.2693418
10.1145/3038912.3052643,DeepCas: An End-to-end Predictor of Information Cascades,ReferenceOfReference,"['Cheng Li', 'Jiaqi W. Ma', 'Xiaoxiao Guo', 'Qiaozhu Mei']",2016,10.1145/3038912.3052643
10.1609/aaai.v31i1.10677,ProjE: Embedding Projection for Knowledge Graph Completion,ReferenceOfReference,"['Baoxu Shi', 'Tim Weninger']",2016,10.1609/aaai.v31i1.10677
10.24963/ijcai.2017/209,Multilingual Knowledge Graph Embeddings for Cross-lingual Knowledge Alignment,ReferenceOfReference,"['Muhao Chen', 'Yingtao Tian', 'Mohan Yang', 'C. Zaniolo']",2016,10.24963/ijcai.2017/209
10.4236/IJCNS.2016.911041,Geospatial Area Embedding Based on the Movement Purpose Hypothesis Using Large-Scale Mobility Data from Smart Card,ReferenceOfReference,"['Masanao Ochi', 'Y. Nakashio', 'M. Ruttley', 'Junichiro Mori', 'I. Sakata']",2016,10.4236/IJCNS.2016.911041
10.1145/2964284.2967257,Capped Lp-Norm Graph Embedding for Photo Clustering,ReferenceOfReference,"['Mengfan Tang', 'F. Nie', 'R. Jain']",2016,10.1145/2964284.2967257
10.1145/2968219.2968416,Representation learning for geospatial areas using large-scale mobility data from smart card,ReferenceOfReference,"['Masanao Ochi', 'Y. Nakashio', 'Y. Yamashita', 'I. Sakata', 'Kimitake Asatani', 'M. Ruttley', 'Junichiro Mori']",2016,10.1145/2968219.2968416
10.1145/2939672.2939753,Structural Deep Network Embedding,ReferenceOfReference,"['Daixin Wang', 'Peng Cui', 'Wenwu Zhu']",2016,10.1145/2939672.2939753
10.1145/2939672.2939673,Collaborative Knowledge Base Embedding for Recommender Systems,ReferenceOfReference,"['Fuzheng Zhang', 'Nicholas Jing Yuan', 'Defu Lian', 'Xing Xie', 'Wei-Ying Ma']",2016,10.1145/2939672.2939673
10.1145/2939672.2939751,Asymmetric Transitivity Preserving Graph Embedding,ReferenceOfReference,"['Mingdong Ou', 'Peng Cui', 'J. Pei', 'Ziwei Zhang', 'Wenwu Zhu']",2016,10.1145/2939672.2939751
10.18653/v1/P16-1095,Discriminative Deep Random Walk for Network Classification,ReferenceOfReference,"['Juzheng Li', 'Jun Zhu', 'Bo Zhang']",2016,10.18653/v1/P16-1095
10.1109/IJCNN.2016.7727520,Predicting user's multi-interests with network embedding in health-related topics,ReferenceOfReference,"['Zhipeng Jin', 'Ruoran Liu', 'Qiudan Li', 'D. Zeng', 'Yongcheng Zhan', 'Lei Wang']",2016,10.1109/IJCNN.2016.7727520
10.1145/2911451.2914740,Not All Links Are Created Equal: An Adaptive Embedding Approach for Social Personalized Ranking,ReferenceOfReference,"['Qing Zhang', 'Houfeng Wang']",2016,10.1145/2911451.2914740
10.1145/2939672.2939754,node2vec: Scalable Feature Learning for Networks,ReferenceOfReference,"['Aditya Grover', 'J. Leskovec']",2016,10.1145/2939672.2939754
10.1007/s13735-016-0102-y,Learning content–social influential features for influence analysis,ReferenceOfReference,"['Na Zhao', 'Hanwang Zhang', 'Meng Wang', 'Richang Hong', 'Tat-Seng Chua']",2016,10.1007/s13735-016-0102-y
10.1016/j.neucom.2015.07.128,Dimensionality reduction on Anchorgraph with an efficient Locality Preserving Projection,ReferenceOfReference,"['Rui Jiang', 'Weijie Fu', 'Li Wen', 'Shijie Hao', 'Richang Hong']",2016,10.1016/j.neucom.2015.07.128
10.1609/aaai.v31i1.10952,SSP: Semantic Space Projection for Knowledge Graph Embedding with Text Descriptions,ReferenceOfReference,"['Han Xiao', 'Minlie Huang', 'Lian Meng', 'Xiaoyan Zhu']",2016,10.1609/aaai.v31i1.10952
10.1145/2939672.2939822,Label Noise Reduction in Entity Typing by Heterogeneous Partial-Label Embedding,ReferenceOfReference,"['Xiang Ren', 'Wenqi He', 'Meng Qu', 'Clare R. Voss', 'Heng Ji', 'Jiawei Han']",2016,10.1145/2939672.2939822
10.1609/aaai.v30i1.10179,Deep Neural Networks for Learning Graph Representations,ReferenceOfReference,"['Shaosheng Cao', 'Wei Lu', 'Qiongkai Xu']",2016,10.1609/aaai.v30i1.10179
10.1609/aaai.v30i1.9972,Community-Based Question Answering via Heterogeneous Social Network Learning,ReferenceOfReference,"['Hanyin Fang', 'Fei Wu', 'Zhou Zhao', 'Xinyu Duan', 'Yueting Zhuang', 'Martin Ester']",2016,10.1609/aaai.v30i1.9972
10.1609/aaai.v30i1.10089,Knowledge Graph Completion with Adaptive Sparse Transfer Matrix,ReferenceOfReference,"['Guoliang Ji', 'Kang Liu', 'Shizhu He', 'Jun Zhao']",2016,10.1609/aaai.v30i1.10089
10.1609/aaai.v30i1.10329,Representation Learning of Knowledge Graphs with Entity Descriptions,ReferenceOfReference,"['Ruobing Xie', 'Zhiyuan Liu', 'Jia Jia', 'Huanbo Luan', 'Maosong Sun']",2016,10.1609/aaai.v30i1.10329
10.1109/TIP.2015.2507401,Learning of Multimodal Representations With Random Walks on the Click Graph,ReferenceOfReference,"['Fei Wu', 'Xinyan Lu', 'Jun Song', 'Shuicheng Yan', 'Zhongfei Zhang', 'Y. Rui', 'Yueting Zhuang']",2016,10.1109/TIP.2015.2507401
10.1109/ICCV.2015.486,Learning Image and User Features for Recommendation in Social Networks,ReferenceOfReference,"['Xue Geng', 'Hanwang Zhang', 'Jingwen Bian', 'Tat-Seng Chua']",2015,10.1109/ICCV.2015.486
10.1609/aaai.v30i1.10091,Locally Adaptive Translation for Knowledge Graph Embedding,ReferenceOfReference,"['Yantao Jia', 'Yuanzhuo Wang', 'Hailun Lin', 'Xiaolong Jin', 'Xueqi Cheng']",2015,10.1609/aaai.v30i1.10091
10.1145/2806416.2806512,GraRep: Learning Graph Representations with Global Structural Information,ReferenceOfReference,"['Shaosheng Cao', 'Wei Lu', 'Qiongkai Xu']",2015,10.1145/2806416.2806512
10.1609/aaai.v30i1.10314,Holographic Embeddings of Knowledge Graphs,ReferenceOfReference,"['Maximilian Nickel', 'L. Rosasco', 'T. Poggio']",2015,10.1609/aaai.v30i1.10314
10.18653/v1/P16-1219,TransG : A Generative Model for Knowledge Graph Embedding,ReferenceOfReference,"['Han Xiao', 'Minlie Huang', 'Xiaoyan Zhu']",2015,10.18653/v1/P16-1219
10.18653/v1/D15-1191,Context-Dependent Knowledge Graph Embedding,ReferenceOfReference,"['Yuanfei Luo', 'Quan Wang', 'Bin Wang', 'Li Guo']",2015,10.18653/v1/D15-1191
10.1145/2783258.2783296,Heterogeneous Network Embedding via Deep Architectures,ReferenceOfReference,"['Shiyu Chang', 'Wei Han', 'Jiliang Tang', 'Guo-Jun Qi', 'C. Aggarwal', 'Thomas S. Huang']",2015,10.1145/2783258.2783296
10.1145/2783258.2783417,Deep Graph Kernels,ReferenceOfReference,"['Pinar Yanardag', 'S. Vishwanathan']",2015,10.1145/2783258.2783417
10.1145/2783258.2783341,Learning with Similarity Functions on Graphs using Matchings of Geometric Embeddings,ReferenceOfReference,"['Fredrik D. Johansson', 'Devdatt P. Dubhashi']",2015,10.1145/2783258.2783341
10.1145/2783258.2783307,PTE: Predictive Text Embedding through Large-scale Heterogeneous Text Networks,ReferenceOfReference,"['Jian Tang', 'Meng Qu', 'Qiaozhu Mei']",2015,10.1145/2783258.2783307
10.3115/v1/P15-1009,Semantically Smooth Knowledge Graph Embedding,ReferenceOfReference,"['Shu Guo', 'Quan Wang', 'Bin Wang', 'Lihong Wang', 'Li Guo']",2015,10.3115/v1/P15-1009
10.3115/v1/P15-1067,Knowledge Graph Embedding via Dynamic Mapping Matrix,ReferenceOfReference,"['Guoliang Ji', 'Shizhu He', 'Liheng Xu', 'Kang Liu', 'Jun Zhao']",2015,10.3115/v1/P15-1067
10.1109/TKDE.2014.2382599,A Unified Feature Selection Framework for Graph Embedding on High Dimensional Data,ReferenceOfReference,"['Marcus Chen', 'I. Tsang', 'Mingkui Tan', 'Tat-Jen Cham']",2015,10.1109/TKDE.2014.2382599
10.1162/tacl_a_00134,Improving Distributional Similarity with Lessons Learned from Word Embeddings,ReferenceOfReference,"['Omer Levy', 'Yoav Goldberg', 'Ido Dagan']",2015,10.1162/tacl_a_00134
10.1145/2736277.2741093,LINE: Large-scale Information Network Embedding,ReferenceOfReference,"['Jian Tang', 'Meng Qu', 'Mingzhe Wang', 'Ming Zhang', 'Jun Yan', 'Qiaozhu Mei']",2015,10.1145/2736277.2741093
10.1609/aaai.v29i1.9491,Learning Entity and Relation Embeddings for Knowledge Graph Completion,ReferenceOfReference,"['Yankai Lin', 'Zhiyuan Liu', 'Maosong Sun', 'Yang Liu', 'Xuan Zhu']",2015,10.1609/aaai.v29i1.9491
10.1609/aaai.v29i1.9391,Structured Embedding via Pairwise Relations and Long-Range Interactions in Knowledge Base,ReferenceOfReference,"['Fei Wu', 'Jun Song', 'Yi Yang', 'Xi Li', 'Zhongfei Zhang', 'Yueting Zhuang']",2015,10.1609/aaai.v29i1.9391
10.1109/ICDM.2014.119,Probabilistic Latent Document Network Embedding,ReferenceOfReference,"['Tuan M. V. Le', 'Hady W. Lauw']",2014,10.1109/ICDM.2014.119
10.5555/2685048.2685096,GraphX: Graph Processing in a Distributed Dataflow Framework,ReferenceOfReference,"['Joseph E. Gonzalez', 'Reynold Xin', 'Ankur Dave', 'D. Crankshaw', 'M. Franklin', 'Ion Stoica']",2014,10.5555/2685048.2685096
10.3115/v1/W14-4012,On the Properties of Neural Machine Translation: Encoder–Decoder Approaches,ReferenceOfReference,"['Kyunghyun Cho', 'B. V. Merrienboer', 'Dzmitry Bahdanau', 'Yoshua Bengio']",2014,10.3115/v1/W14-4012
10.1609/aaai.v28i1.8954,Signed Laplacian Embedding for Supervised Dimension Reduction,ReferenceOfReference,"['Chen Gong', 'D. Tao', 'Jie Yang', 'Keren Fu']",2014,10.1609/aaai.v28i1.8954
10.1609/aaai.v28i1.8870,Knowledge Graph Embedding by Translating on Hyperplanes,ReferenceOfReference,"['Zhen Wang', 'Jianwen Zhang', 'Jianlin Feng', 'Zheng Chen']",2014,10.1609/aaai.v28i1.8870
10.1609/aaai.v28i1.8916,Learning Deep Representations for Graph Clustering,ReferenceOfReference,"['Fei Tian', 'Bin Gao', 'Qing Cui', 'Enhong Chen', 'Tie-Yan Liu']",2014,10.1609/aaai.v28i1.8916
10.1145/2588555.2610518,Navigating the maze of graph analytics frameworks using massive graph datasets,ReferenceOfReference,"['N. Satish', 'N. Sundaram', 'Md. Mostofa Ali Patwary', 'Jiwon Seo', 'Jongsoo Park', 'M. A. Hassaan', 'Shubho Sengupta', 'Zhaoming Yin', 'P. Dubey']",2014,10.1145/2588555.2610518
10.3115/v1/D14-1067,Question Answering with Subgraph Embeddings,ReferenceOfReference,"['Antoine Bordes', 'S. Chopra', 'J. Weston']",2014,10.3115/v1/D14-1067
10.1109/TPAMI.2014.2316836,Spherical and Hyperbolic Embeddings of Data,ReferenceOfReference,"['Richard C. Wilson', 'E. Hancock', 'E. Pekalska', 'R. Duin']",2014,10.1109/TPAMI.2014.2316836
10.1145/2623330.2623732,DeepWalk: online learning of social representations,ReferenceOfReference,"['Bryan Perozzi', 'Rami Al-Rfou', 'S. Skiena']",2014,10.1145/2623330.2623732
10.14778/2556549.2556554,On the Embeddability of Random Walk Distances,ReferenceOfReference,"['Xiaohan Zhao', 'Adelbert Chang', 'Atish Das Sarma', 'Haitao Zheng', 'Ben Y. Zhao']",2013,10.14778/2556549.2556554
10.1145/2488388.2488393,Distributed large-scale natural graph factorization,ReferenceOfReference,"['Amr Ahmed', 'N. Shervashidze', 'Shravan M. Narayanamurthy', 'V. Josifovski', 'Alex Smola']",2013,10.1145/2488388.2488393
10.1007/s10994-013-5363-6,A semantic matching energy function for learning with multi-relational data,ReferenceOfReference,"['Xavier Glorot', 'Antoine Bordes', 'J. Weston', 'Yoshua Bengio']",2013,10.1007/s10994-013-5363-6
10.1109/TPAMI.2013.50,Representation Learning: A Review and New Perspectives,ReferenceOfReference,"['Yoshua Bengio', 'Aaron C. Courville', 'Pascal Vincent']",2012,10.1109/TPAMI.2013.50
10.14778/2212351.2212354,Distributed GraphLab: A Framework for Machine Learning in the Cloud,ReferenceOfReference,"['Yucheng Low', 'Joseph Gonzalez', 'Aapo Kyrola', 'Danny Bickson', 'Carlos Guestrin', 'Joseph M Hellerstein']",2012,10.14778/2212351.2212354
10.3758/s13428-011-0183-8,"Extracting semantic representations from word co-occurrence statistics: stop-lists, stemming, and SVD",ReferenceOfReference,"['J. Bullinaria', 'J. Levy']",2012,10.3758/s13428-011-0183-8
10.1609/aaai.v25i1.7917,Learning Structured Embeddings of Knowledge Bases,ReferenceOfReference,"['Antoine Bordes', 'J. Weston', 'R. Collobert', 'Yoshua Bengio']",2011,10.1609/aaai.v25i1.7917
10.5555/1953048.2078187,Weisfeiler-Lehman Graph Kernels,ReferenceOfReference,"['N. Shervashidze', 'Pascal Schweitzer', 'E. J. V. Leeuwen', 'K. Mehlhorn', 'Karsten M. Borgwardt']",2011,10.5555/1953048.2078187
10.1609/aaai.v24i1.7696,Local and Global Regressive Mapping for Manifold Learning with Out-of-Sample Extrapolation,ReferenceOfReference,"['Yi Yang', 'F. Nie', 'Shiming Xiang', 'Yueting Zhuang', 'Wenhua Wang']",2010,10.1609/aaai.v24i1.7696
10.1016/J.WEBSEM.2009.07.002,DBpedia - A crystallization point for the Web of Data,ReferenceOfReference,"['Christian Bizer', 'Jens Lehmann', 'Georgi Kobilarov', 'S. Auer', 'Christian Becker', 'Richard Cyganiak', 'Sebastian Hellmann']",2009,10.1016/J.WEBSEM.2009.07.002
10.1109/TKDE.2008.204,Nonlinear Dimensionality Reduction with Local Spline Embedding,ReferenceOfReference,"['Shiming Xiang', 'F. Nie', 'Changshui Zhang', 'Chunxia Zhang']",2009,10.1109/TKDE.2008.204
10.1145/1553374.1553494,Structure preserving embedding,ReferenceOfReference,"['B. Shaw', 'Tony Jebara']",2009,10.1145/1553374.1553494
10.1145/1401890.1401971,Hypergraph spectral learning for multi-label classification,ReferenceOfReference,"['Liang Sun', 'Shuiwang Ji', 'Jieping Ye']",2008,10.1145/1401890.1401971
10.5555/1756006.1859891,Graph Kernels,ReferenceOfReference,"['S. Vishwanathan', 'Karsten M. Borgwardt', 'I. Kondor', 'N. Schraudolph']",2008,10.5555/1756006.1859891
10.1145/1376616.1376746,Freebase: a collaboratively created graph database for structuring human knowledge,ReferenceOfReference,"['K. Bollacker', 'Colin Evans', 'Praveen K. Paritosh', 'Tim Sturge', 'Jamie Taylor']",2008,10.1145/1376616.1376746
10.1145/1291233.1291329,Spectral regression: a unified subspace learning framework for content-based image retrieval,ReferenceOfReference,"['Deng Cai', 'Xiaofei He', 'Jiawei Han']",2007,10.1145/1291233.1291329
10.1145/1242572.1242667,YAGO: A Core of Semantic Knowledge Unifying WordNet and Wikipedia,ReferenceOfReference,"['Fabian M. Suchanek', 'Gjergji Kasneci', 'G. Weikum']",2007,10.1145/1242572.1242667
10.1007/s00211-007-0114-x,Fast linear algebra is stable,ReferenceOfReference,"['J. Demmel', 'Ioana Dumitriu', 'Olga Holtz']",2006,10.1007/s00211-007-0114-x
10.1109/ICDM.2005.132,Shortest-path kernels on graphs,ReferenceOfReference,"['Karsten M. Borgwardt', 'H. Kriegel']",2005,10.1109/ICDM.2005.132
10.1145/1101149.1101193,Semantic manifold learning for image retrieval,ReferenceOfReference,"['Yen-Yu Lin', 'Tyng-Luh Liu', 'Hwann-Tzong Chen']",2005,10.1145/1101149.1101193
10.1145/1015330.1015345,Learning a kernel matrix for nonlinear dimensionality reduction,ReferenceOfReference,"['Kilian Q. Weinberger', 'Fei Sha', 'L. Saul']",2004,10.1145/1015330.1015345
10.1126/SCIENCE.295.5552.7A,The Isomap Algorithm and Topological Stability,ReferenceOfReference,"['M. Balasubramanian', 'E. Schwartz']",2002,10.1126/SCIENCE.295.5552.7A
10.1126/SCIENCE.290.5500.2323,Nonlinear dimensionality reduction by locally linear embedding.,ReferenceOfReference,"['S. Roweis', 'L. Saul']",2000,10.1126/SCIENCE.290.5500.2323
10.1162/neco.1997.9.8.1735,Long Short-Term Memory,ReferenceOfReference,"['Sepp Hochreiter', 'J. Schmidhuber']",1997,10.1162/neco.1997.9.8.1735
10.1080/03081088508817681,Eigenvalues of the Laplacian of a graph,ReferenceOfReference,"['W. Anderson', 'D. Thomas', 'Morley', 'TR 71-U']",1985,10.1080/03081088508817681
10.1007/BF02163027,Singular value decomposition and least squares solutions,ReferenceOfReference,"['G. Golub', 'C. Reinsch']",1970,10.1007/BF02163027
10.1109/TKDE.2016.2606098,A Semi-NMF-PCA Unified Framework for Data Clustering,ReferenceOfReference,"['Kais Allab', 'Lazhar Labiod', 'M. Nadif']",2017,10.1109/TKDE.2016.2606098
10.1016/j.patcog.2016.07.043,Hierarchical graph embedding in vector space by graph pyramid,ReferenceOfReference,"['Seyedeh Fatemeh Mousavi', 'M. Safayani', 'Abdolreza Mirzaei', 'Hoda Bahonar']",2017,10.1016/j.patcog.2016.07.043
10.1109/TNN.2008.2005605,The Graph Neural Network Model,ReferenceOfReference,"['F. Scarselli', 'M. Gori', 'A. Tsoi', 'M. Hagenbuchner', 'G. Monfardini']",2009,10.1109/TNN.2008.2005605
10.1109/TPAMI.2007.12,Graph Embedding and Extensions: A General Framework for Dimensionality Reduction,ReferenceOfReference,"['Shuicheng Yan', 'Dong Xu', 'Benyu Zhang', 'HongJiang Zhang', 'Qiang Yang', 'Stephen Lin']",2007,10.1109/TPAMI.2007.12
10.1016/S0377-2217(01)00143-6,Semidefinite programming,ReferenceOfReference,['Christoph Helmberg'],2002,10.1016/S0377-2217(01)00143-6
10.1609/AAAI.V34I04.5747,Measuring and relieving the over-smoothing problem for graph neural networks from the topological view,Reference,"Deli Chen, Yankai Lin, Wei Li, Peng Li, Jie Zhou, and Xu Sun",2020,10.1609/AAAI.V34I04.5747
10.24963/ijcai.2019/564,Dual Self-Paced Graph Convolutional Network: Towards Reducing Attribute Distortions Induced by Topology,ReferenceOfReference,"['Liang Yang', 'Zhiyang Chen', 'Junhua Gu', 'Yuanfang Guo']",2019,10.24963/ijcai.2019/564
10.24963/ijcai.2019/563,Topology Optimization based Graph Convolutional Network,ReferenceOfReference,"['Liang Yang', 'Z. Kang', 'Xiaochun Cao', 'Di Jin', 'Bo Yang', 'Yuanfang Guo']",2019,10.24963/ijcai.2019/563
10.18653/v1/P19-1479,Coherent Comments Generation for Chinese Articles with a Graph-to-Sequence Model,ReferenceOfReference,"['Wei Li', 'Jingjing Xu', 'Yancheng He', 'Shengli Yan', 'Yunfang Wu', 'Xu Sun']",2019,10.18653/v1/P19-1479
10.1109/ICCV.2019.00936,DeepGCNs: Can GCNs Go As Deep As CNNs?,ReferenceOfReference,"['G. Li', 'Matthias Müller', 'Ali K. Thabet', 'Bernard Ghanem']",2019,10.1109/ICCV.2019.00936
10.1609/AAAI.V34I04.5984,EvolveGCN: Evolving Graph Convolutional Networks for Dynamic Graphs,ReferenceOfReference,"['A. Pareja', 'Giacomo Domeniconi', 'Jie Chen', 'Tengfei Ma', 'T. Suzumura', 'H. Kanezashi', 'Tim Kaler', 'Charles E. Leisersen']",2019,10.1609/AAAI.V34I04.5984
10.1016/j.patcog.2020.107637,Hypergraph Convolution and Hypergraph Attention,ReferenceOfReference,"['S. Bai', 'Feihu Zhang', 'Philip H. S. Torr']",2019,10.1016/j.patcog.2020.107637
10.1109/TPAMI.2021.3054830,Graph Neural Networks With Convolutional ARMA Filters,ReferenceOfReference,"['F. Bianchi', 'Daniele Grattarola', 'L. Livi', 'C. Alippi']",2019,10.1109/TPAMI.2021.3054830
10.1016/J.AIOPEN.2021.01.001,Graph Neural Networks: A Review of Methods and Applications,ReferenceOfReference,"['Jie Zhou', 'Ganqu Cui', 'Zhengyan Zhang', 'Cheng Yang', 'Zhiyuan Liu', 'Maosong Sun']",2018,10.1016/J.AIOPEN.2021.01.001
10.1609/aaai.v33i01.33014602,Weisfeiler and Leman Go Neural: Higher-order Graph Neural Networks,ReferenceOfReference,"['Christopher Morris', 'Martin Ritzert', 'Matthias Fey', 'William L. Hamilton', 'J. E. Lenssen', 'Gaurav Rattan', 'Martin Grohe']",2018,10.1609/aaai.v33i01.33014602
10.1609/aaai.v32i1.11604,Deeper Insights into Graph Convolutional Networks for Semi-Supervised Learning,ReferenceOfReference,"['Qimai Li', 'Zhichao Han', 'Xiao-Ming Wu']",2018,10.1609/aaai.v32i1.11604
10.17863/CAM.48429,Graph Attention Networks,ReferenceOfReference,"['Petar Velickovic', 'Guillem Cucurull', 'Arantxa Casanova', 'Adriana Romero', 'Pietro Liò', 'Yoshua Bengio']",2017,10.17863/CAM.48429
10.1093/bioinformatics/btx252,Predicting multicellular function through multi-layer tissue networks,ReferenceOfReference,"['M. Zitnik', 'J. Leskovec']",2017,10.1093/bioinformatics/btx252
10.1109/CVPR.2018.00275,FeaStNet: Feature-Steered Graph Convolutions for 3D Shape Analysis,ReferenceOfReference,"['Nitika Verma', 'Edmond Boyer', 'Jakob Verbeek']",2017,10.1109/CVPR.2018.00275
10.1145/2766462.2767755,Image-Based Recommendations on Styles and Substitutes,ReferenceOfReference,"['Julian McAuley', 'C. Targett', 'Javen Qinfeng Shi', 'Anton van den Hengel']",2015,10.1145/2766462.2767755
10.1201/b17320-16,Collective Classification in Network Data,ReferenceOfReference,"['Prithviraj Sen', 'Galileo Namata', 'M. Bilgic', 'L. Getoor', 'Brian Gallagher', 'Tina Eliassi-Rad']",2008,10.1201/b17320-16
10.18653/v1/2020.acl-main.207,SPECTER: Document-level Representation Learning using Citation-informed Transformers,Reference,"Arman Cohan, Sergey Feldman, Iz Beltagy, Doug Downey, and Daniel Weld",2020,10.18653/v1/2020.acl-main.207
10.18653/v1/D19-1410,Sentence-BERT: Sentence Embeddings using Siamese BERT-Networks,ReferenceOfReference,"['Nils Reimers', 'Iryna Gurevych']",2019,10.18653/v1/D19-1410
10.1001/jamanetworkopen.2019.6700,Quantifying Sex Bias in Clinical Studies at Scale With Automated Data Extraction,ReferenceOfReference,"['Sergey Feldman', 'Bridger Waleed Ammar', 'Kyle Lo', 'E. Trepman', 'Madeleine van Zuylen', 'Oren Etzioni']",2019,10.1001/jamanetworkopen.2019.6700
10.18653/v1/P19-1442,DisSent: Learning Sentence Representations from Explicit Discourse Relations,ReferenceOfReference,"['Allen Nie', 'Erin D. Bennett', 'Noah D. Goodman']",2019,10.18653/v1/P19-1442
10.18653/v1/P19-1512,Improving Textual Network Embedding with Global Attention via Optimal Transport,ReferenceOfReference,"['Liqun Chen', 'Guoyin Wang', 'Chenyang Tao', 'Dinghan Shen', 'Pengyu Cheng', 'Xinyuan Zhang', 'Wenlin Wang', 'Yizhe Zhang', 'L. Carin']",2019,10.18653/v1/P19-1512
10.1145/3308558.3313700,A Scalable Hybrid Research Paper Recommender System for Microsoft Academic,ReferenceOfReference,"['Anshul Kanakia', 'Zhihong Shen', 'Darrin Eide', 'Kuansan Wang']",2019,10.1145/3308558.3313700
10.1007/s11192-020-03561-y,A context-aware citation recommendation model with BERT and graph convolutional networks,ReferenceOfReference,"['Chanwoo Jeong', 'Sion Jang', 'Hyuna Shin', 'Eunjeong Lucy Park', 'Sungchul Choi']",2019,10.1007/s11192-020-03561-y
10.1145/3289600.3291017,Estimating Position Bias without Intrusive Interventions,ReferenceOfReference,"['Aman Agarwal', 'Ivan Zaitsev', 'Xuanhui Wang', 'Cheng Li', 'Marc Najork', 'T. Joachims']",2018,10.1145/3289600.3291017
10.18653/v1/D18-1482,Word Mover’s Embedding: From Word2Vec to Document Embedding,ReferenceOfReference,"['Lingfei Wu', 'I. E. Yen', 'Kun Xu', 'Fangli Xu', 'Avinash Balakrishnan', 'Pin-Yu Chen', 'Pradeep Ravikumar', 'M. Witbrock']",2018,10.18653/v1/D18-1482
10.1145/3269206.3271800,From Neural Re-Ranking to Neural Ranking: Learning a Sparse Representation for Inverted Indexing,ReferenceOfReference,"['Hamed Zamani', 'Mostafa Dehghani', 'W. Bruce Croft', 'E. Learned-Miller', 'J. Kamps']",2018,10.1145/3269206.3271800
10.18653/v1/D18-1209,Improved Semantic-Aware Network Embedding with Fine-Grained Word Alignment,ReferenceOfReference,"['Dinghan Shen', 'Xinyuan Zhang', 'Ricardo Henao', 'L. Carin']",2018,10.18653/v1/D18-1209
10.1007/978-3-319-97289-3_20,Research Paper Recommender Systems on Big Scholarly Data,ReferenceOfReference,"['T. Chen', 'Maria R. Lee']",2018,10.1007/978-3-319-97289-3_20
10.18653/v1/N18-1022,Content-Based Citation Recommendation,ReferenceOfReference,"['Chandra Bhagavatula', 'Sergey Feldman', 'Russell Power', 'Bridger Waleed Ammar']",2018,10.18653/v1/N18-1022
10.18653/v1/P17-1158,CANE: Context-Aware Network Embedding for Relation Modeling,ReferenceOfReference,"['Cunchao Tu', 'Han Liu', 'Zhiyuan Liu', 'Maosong Sun']",2017,10.18653/v1/P17-1158
10.18653/v1/D17-1070,Supervised Learning of Universal Sentence Representations from Natural Language Inference Data,ReferenceOfReference,"['Alexis Conneau', 'Douwe Kiela', 'Holger Schwenk', 'Loïc Barrault', 'Antoine Bordes']",2017,10.18653/v1/D17-1070
10.1109/IJCNN.2017.7966147,A model of extended paragraph vector for document categorization and trend analysis,ReferenceOfReference,"['Pengfei Liu', 'King Keung Wu', 'H. Meng']",2017,10.1109/IJCNN.2017.7966147
10.18653/v1/N18-1101,A Broad-Coverage Challenge Corpus for Sentence Understanding through Inference,ReferenceOfReference,"['Adina Williams', 'Nikita Nangia', 'Samuel R. Bowman']",2017,10.18653/v1/N18-1101
10.18653/v1/W16-1609,An Empirical Evaluation of doc2vec with Practical Insights into Document Embedding Generation,ReferenceOfReference,"['Jey Han Lau', 'Timothy Baldwin']",2016,10.18653/v1/W16-1609
10.1162/tacl_a_00051,Enriching Word Vectors with Subword Information,ReferenceOfReference,"['Piotr Bojanowski', 'Edouard Grave', 'Armand Joulin', 'Tomas Mikolov']",2016,10.1162/tacl_a_00051
10.1145/2911451.2914717,Doc2Sent2Vec: A Novel Two-Phase Approach for Learning Document Representation,ReferenceOfReference,"['Ganesh Jawahar', 'Manish Gupta', 'Vasudeva Varma']",2016,10.1145/2911451.2914717
10.5555/1953048.2078195,Scikit-learn: Machine Learning in Python,ReferenceOfReference,"['Fabian Pedregosa', 'G. Varoquaux', 'Alexandre Gramfort', 'V. Michel', 'B. Thirion', 'O. Grisel', 'Mathieu Blondel', 'Gilles Louppe', 'P. Prettenhofer', 'Ron Weiss', 'Ron J. Weiss', 'J. Vanderplas', 'Alexandre Passos', 'D. Cournapeau', 'M. Brucher', 'M. Perrot', 'E. Duchesnay']",2011,10.5555/1953048.2078195
10.1186/1471-2105-11-492,The structural and content aspects of abstracts versus bodies of full text journal articles are different,ReferenceOfReference,"['K. Cohen', 'Helen L. Johnson', 'Karin M. Verspoor', 'Christophe Roeder', 'L. Hunter']",2010,10.1186/1471-2105-11-492
10.1186/1471-2105-10-46,Is searching full text more effective than searching abstracts?,ReferenceOfReference,['Jimmy J. Lin'],2009,10.1186/1471-2105-10-46
10.1093/BIOINFORMATICS/BTH291,Distribution of information in biomedical abstracts and full-text publications,ReferenceOfReference,"['M. Schuemie', 'M. Weeber', 'Bob J. A. Schijvenaars', 'E. V. Mulligen', 'C. C. V. D. Eijk', 'Rob Jelier', 'B. Mons', 'J. Kors']",2004,10.1093/BIOINFORMATICS/BTH291
10.1109/TNNLS.2020.2978386,A Comprehensive Survey on Graph Neural Networks,ReferenceOfReference,"['Zonghan Wu', 'Shirui Pan', 'Fengwen Chen', 'Guodong Long', 'Chengqi Zhang', 'Philip S. Yu']",2019,10.1109/TNNLS.2020.2978386
10.5555/2627435.2697068,Accelerating t-SNE using tree-based algorithms,ReferenceOfReference,['L. Maaten'],2014,10.5555/2627435.2697068
10.1007/978-3-540-72079-9_9,Collaborative Filtering Recommender Systems,ReferenceOfReference,"['J. Schafer', 'Dan Frankowski', 'Jonathan L. Herlocker', 'Shilad Sen']",2007,10.1007/978-3-540-72079-9_9
10.1002/asi.20274,Identifying a better measure of relatedness for mapping science,ReferenceOfReference,"['R. Klavans', 'K. Boyack']",2006,10.1002/asi.20274
10.1145/3487553.3524653,Assessing Network Representations for Identifying Interdisciplinarity,Reference,Eoghan Cunningham and Derek Greene,2022,10.1145/3487553.3524653
10.1162/qss_a_00014,Practical method to reclassify Web of Science articles into unique subject categories and broad disciplines,ReferenceOfReference,['Stasa Milojevic'],2020,10.1162/qss_a_00014
10.1057/s41599-019-0352-4,Interdisciplinarity revisited: evidence for research impact and dynamism,ReferenceOfReference,['K. Okamura'],2019,10.1057/s41599-019-0352-4
10.2478/jdis-2019-0010,Node2vec Representation for Clustering Journals and as A Possible Measure of Diversity,ReferenceOfReference,"['Zhesi Shen', 'Fuyou Chen', 'Liying Yang', 'Jinshan Wu']",2019,10.2478/jdis-2019-0010
10.1016/j.joi.2018.09.001,A comparison of two approaches for measuring interdisciplinary research output: The disciplinary diversity of authors vs the disciplinary diversity of the reference list,ReferenceOfReference,"['G. Abramo', 'Ciriaco Andrea D’Angelo', 'Lin Zhang']",2018,10.1016/j.joi.2018.09.001
10.1177/0001839216665364,Prominent but Less Productive,ReferenceOfReference,"['E. Leahey', 'Christine M. Beckman', 'Taryn Stanko']",2015,10.1177/0001839216665364
10.1038/525306A,Interdisciplinary research by the numbers,ReferenceOfReference,['Richard Van Noorden'],2015,10.1038/525306A
10.1371/journal.pone.0122565,Long-Distance Interdisciplinarity Leads to Higher Scientific Impact,ReferenceOfReference,"['V. Larivière', 'S. Haustein', 'K. Börner']",2015,10.1371/journal.pone.0122565
10.1007/s11192-008-2197-2,Is science becoming more interdisciplinary? Measuring and mapping six research fields over time,ReferenceOfReference,"['Alan L. Porter', 'Ismael Ràfols']",2009,10.1007/s11192-008-2197-2
10.1007/s11192-009-0041-y,Diversity and network coherence as indicators of interdisciplinarity: case studies in bionanoscience,ReferenceOfReference,"['Ismael Rafols', 'M. Meyer']",2009,10.1007/s11192-009-0041-y
10.1073/pnas.0706851105,Maps of random walks on complex networks reveal community structure,ReferenceOfReference,"['M. Rosvall', 'Carl T. Bergstrom']",2007,10.1073/pnas.0706851105
10.1007/s11192-007-1700-5,Measuring researcher interdisciplinarity,ReferenceOfReference,"['A. Porter', 'A. Porter', 'Alex S. Cohen', 'J. Roessner', 'Marty Perreault']",2007,10.1007/s11192-007-1700-5
10.1007/978-1-4899-7687-1_100268,Link-Based Classification,ReferenceOfReference,"['Qing Lu', 'L. Getoor']",2003,10.1007/978-1-4899-7687-1_100268
10.1073/pnas.122653799,Community structure in social and biological networks,ReferenceOfReference,"['M. Girvan', 'M. Newman']",2001,10.1073/pnas.122653799
10.1023/A:1009953814988,Automating the Construction of Internet Portals with Machine Learning,ReferenceOfReference,"['A. McCallum', 'K. Nigam', 'Jason D. M. Rennie', 'K. Seymore']",2000,10.1023/A:1009953814988
10.1007/BF02016934,An indicator of cross-disciplinary research,ReferenceOfReference,"['A. Porter', 'D. Chubin']",1985,10.1007/BF02016934
10.1017/CBO9780511815478,Social Network Analysis: Methods and Applications,ReferenceOfReference,"['S. Wasserman', 'Katherine Faust']",1994,10.1017/CBO9780511815478
10.1007/978-3-031-21127-0_30,The Structure of Interdisciplinary Science: Uncovering and Explaining Roles in Citation Graphs,Reference,Eoghan Cunningham and Derek Greene,2023,10.1007/978-3-031-21127-0_30
10.1109/ACCESS.2018.2870052,Peeking Inside the Black-Box: A Survey on Explainable Artificial Intelligence (XAI),ReferenceOfReference,"['Amina Adadi', 'Mohammed Berrada']",2018,10.1109/ACCESS.2018.2870052
10.1111/rssb.12377,Visualizing the Effects of Predictor Variables in Black Box Supervised Learning Models,ReferenceOfReference,"['Daniel W. Apley', 'Jingyu Zhu']",2020,10.1111/rssb.12377
10.1023/A:1010933404324,Random Forests,ReferenceOfReference,['Leo Breiman'],2001,10.1023/A:1010933404324
10.1017/nws.2013.12,Characterizing ego-networks using motifs,ReferenceOfReference,"['PÁDRAIG CUNNINGHAM', 'MARTIN HARRIGAN', 'GUANGYU WU', ""DEREK O'CALLAGHAN""]",2013,10.1017/nws.2013.12
10.1145/3219819.3220025,Learning Structural Node Embeddings via Diffusion Wavelets,ReferenceOfReference,"['Claire Donnat', 'Marinka Zitnik', 'David Hallac', 'Jure Leskovec']",2018,10.1145/3219819.3220025
10.1214/aos/1013203451,Greedy function approximation: A gradient boosting machine.,ReferenceOfReference,['Jerome H. Friedman'],2001,10.1214/aos/1013203451
10.1145/2339530.2339723,RolX,ReferenceOfReference,"['Keith Henderson', 'Brian Gallagher', 'Tina Eliassi-Rad', 'Hanghang Tong', 'Sugato Basu', 'Leman Akoglu', 'Danai Koutra', 'Christos Faloutsos', 'Lei Li']",2012,10.1145/2339530.2339723
10.1371/journal.pone.0171428,Combinatorial algorithm for counting small induced graphs and orbits,ReferenceOfReference,"['Tomaž Hočevar', 'Janez Demšar']",2017,10.1371/journal.pone.0171428
10.1126/science.298.5594.824,Network Motifs: Simple Building Blocks of Complex Networks,ReferenceOfReference,"['R. Milo', 'S. Shen-Orr', 'S. Itzkovitz', 'N. Kashtan', 'D. Chklovskii', 'U. Alon']",2002,10.1126/science.298.5594.824
10.1037/10648-000,Who shall survive?: A new approach to the problem of human interrelations.,ReferenceOfReference,['J. L. Moreno'],1934,10.1037/10648-000
10.1093/bioinformatics/btl301,Biological network comparison using graphlet degree distribution,ReferenceOfReference,['Nataša Pržulj'],2007,10.1093/bioinformatics/btl301
10.1109/TKDE.2014.2349913,Role Discovery in Networks,ReferenceOfReference,"['Ryan A. Rossi', 'Nesreen K. Ahmed']",2015,10.1109/TKDE.2014.2349913
10.1145/3397191,On Proximity and Structural Role-based Embeddings in Networks,ReferenceOfReference,"['Ryan A. Rossi', 'Di Jin', 'Sungchul Kim', 'Nesreen K. Ahmed', 'Danai Koutra', 'John Boaz Lee']",2020,10.1145/3397191
10.1016/0377-0427(87)90125-7,Silhouettes: A graphical aid to the interpretation and validation of cluster analysis,ReferenceOfReference,['Peter J. Rousseeuw'],1987,10.1016/0377-0427(87)90125-7
10.1007/978-3-030-93409-5_25,Selecting Informative Features for Post-hoc Community Explanation,ReferenceOfReference,"['Sophie Sadler', 'Derek Greene', 'Daniel Archambault']",2022,10.1007/978-3-030-93409-5_25
10.1098/rsif.2007.0213,"A general framework for analysing diversity in science, technology and society",ReferenceOfReference,['Andy Stirling'],2007,10.1098/rsif.2007.0213
10.1038/525306a,Interdisciplinary research by the numbers,ReferenceOfReference,['Richard Van Noorden'],2015,10.1038/525306a
10.18653/v1/n19-1423,BERT: Pre-training of Deep Bidirectional Transformers for Language Understanding,Reference,"Jacob Devlin, Ming-Wei Chang, Kenton Lee, and Kristina Toutanova",2019,10.18653/v1/n19-1423
10.18653/v1/P18-1158,Multi-Granularity Hierarchical Attention Fusion Networks for Reading Comprehension and Question Answering,ReferenceOfReference,"['Wei Wang', 'Chen Wu', 'Ming Yan']",2018,10.18653/v1/P18-1158
10.18653/v1/D18-1217,Semi-Supervised Sequence Modeling with Cross-View Training,ReferenceOfReference,"['Kevin Clark', 'Minh-Thang Luong', 'Christopher D. Manning', 'Quoc V. Le']",2018,10.18653/v1/D18-1217
10.18653/v1/D18-1179,Dissecting Contextual Word Embeddings: Architecture and Representation,ReferenceOfReference,"['Matthew E. Peters', 'Mark Neumann', 'Luke Zettlemoyer', 'Wen-tau Yih']",2018,10.18653/v1/D18-1179
10.18653/v1/D18-1009,SWAG: A Large-Scale Adversarial Dataset for Grounded Commonsense Inference,ReferenceOfReference,"['Rowan Zellers', 'Yonatan Bisk', 'Roy Schwartz', 'Yejin Choi']",2018,10.18653/v1/D18-1009
10.1609/aaai.v33i01.33013159,Character-Level Language Modeling with Deeper Self-Attention,ReferenceOfReference,"['Rami Al-Rfou', 'Dokook Choe', 'Noah Constant', 'Mandy Guo', 'Llion Jones']",2018,10.1609/aaai.v33i01.33013159
10.1162/tacl_a_00290,Neural Network Acceptability Judgments,ReferenceOfReference,"['Alex Warstadt', 'Amanpreet Singh', 'Samuel R. Bowman']",2018,10.1162/tacl_a_00290
10.18653/v1/W18-5446,GLUE: A Multi-Task Benchmark and Analysis Platform for Natural Language Understanding,ReferenceOfReference,"['Alex Wang', 'Amanpreet Singh', 'Julian Michael', 'Felix Hill', 'Omer Levy', 'Samuel R. Bowman']",2018,10.18653/v1/W18-5446
10.18653/v1/P18-1078,Simple and Effective Multi-Paragraph Reading Comprehension,ReferenceOfReference,"['Christopher Clark', 'Matt Gardner']",2017,10.18653/v1/P18-1078
10.18653/v1/S17-2001,SemEval-2017 Task 1: Semantic Textual Similarity Multilingual and Crosslingual Focused Evaluation,ReferenceOfReference,"['Daniel Matthew Cer', 'Mona T. Diab', 'Eneko Agirre', 'I. Lopez-Gazpio', 'Lucia Specia']",2017,10.18653/v1/S17-2001
10.24963/ijcai.2018/570,Reinforced Mnemonic Reader for Machine Reading Comprehension,ReferenceOfReference,"['Minghao Hu', 'Yuxing Peng', 'Zhen Huang', 'Xipeng Qiu', 'Furu Wei', 'M. Zhou']",2017,10.24963/ijcai.2018/570
10.18653/v1/P17-1147,TriviaQA: A Large Scale Distantly Supervised Challenge Dataset for Reading Comprehension,ReferenceOfReference,"['Mandar Joshi', 'Eunsol Choi', 'Daniel S. Weld', 'Luke Zettlemoyer']",2017,10.18653/v1/P17-1147
10.18653/v1/P17-1161,Semi-supervised sequence tagging with bidirectional language models,ReferenceOfReference,"['Matthew E. Peters', 'Bridger Waleed Ammar', 'Chandra Bhagavatula', 'Russell Power']",2017,10.18653/v1/P17-1161
10.18653/v1/K16-1006,context2vec: Learning Generic Context Embedding with Bidirectional LSTM,ReferenceOfReference,"['Oren Melamud', 'J. Goldberger', 'Ido Dagan']",2016,10.18653/v1/K16-1006
10.18653/v1/D16-1264,"SQuAD: 100,000+ Questions for Machine Comprehension of Text",ReferenceOfReference,"['Pranav Rajpurkar', 'Jian Zhang', 'Konstantin Lopyrev', 'Percy Liang']",2016,10.18653/v1/D16-1264
10.18653/v1/D16-1244,A Decomposable Attention Model for Natural Language Inference,ReferenceOfReference,"['Ankur P. Parikh', 'Oscar Täckström', 'Dipanjan Das', 'Jakob Uszkoreit']",2016,10.18653/v1/D16-1244
10.18653/v1/N16-1162,Learning Distributed Representations of Sentences from Unlabelled Data,ReferenceOfReference,"['Felix Hill', 'Kyunghyun Cho', 'A. Korhonen']",2016,10.18653/v1/N16-1162
10.18653/v1/D15-1075,A large annotated corpus for learning natural language inference,ReferenceOfReference,"['Samuel R. Bowman', 'Gabor Angeli', 'Christopher Potts', 'Christopher D. Manning']",2015,10.18653/v1/D15-1075
10.1109/ICCV.2015.11,Aligning Books and Movies: Towards Story-Like Visual Explanations by Watching Movies and Reading Books,ReferenceOfReference,"['Yukun Zhu', 'Ryan Kiros', 'R. Zemel', 'R. Salakhutdinov', 'R. Urtasun', 'A. Torralba', 'S. Fidler']",2015,10.1109/ICCV.2015.11
10.3115/v1/D14-1162,GloVe: Global Vectors for Word Representation,ReferenceOfReference,"['Jeffrey Pennington', 'R. Socher', 'Christopher D. Manning']",2014,10.3115/v1/D14-1162
10.21437/Interspeech.2014-564,One billion word benchmark for measuring progress in statistical language modeling,ReferenceOfReference,"['Ciprian Chelba', 'Tomas Mikolov', 'M. Schuster', 'Qi Ge', 'T. Brants', 'P. Koehn', 'T. Robinson']",2013,10.21437/Interspeech.2014-564
10.18653/v1/d13-1170,Recursive Deep Models for Semantic Compositionality Over a Sentiment Treebank,ReferenceOfReference,"['R. Socher', 'Alex Perelygin', 'Jean Wu', 'Jason Chuang', 'Christopher D. Manning', 'A. Ng', 'Christopher Potts']",2013,10.18653/v1/d13-1170
10.3233/978-1-60750-049-0-551,Natural Language Understanding,ReferenceOfReference,['A. Sciullo'],2009,10.3233/978-1-60750-049-0-551
10.1109/CVPR.2009.5206848,ImageNet: A large-scale hierarchical image database,ReferenceOfReference,"['Jia Deng', 'Wei Dong', 'R. Socher', 'Li-Jia Li', 'K. Li', 'Li Fei-Fei']",2009,10.1109/CVPR.2009.5206848
10.1145/1390156.1390177,A unified architecture for natural language processing: deep neural networks with multitask learning,ReferenceOfReference,"['R. Collobert', 'J. Weston']",2008,10.1145/1390156.1390177
10.1145/1390156.1390294,Extracting and composing robust features with denoising autoencoders,ReferenceOfReference,"['Pascal Vincent', 'H. Larochelle', 'Yoshua Bengio', 'Pierre-Antoine Manzagol']",2008,10.1145/1390156.1390294
10.3115/1610075.1610094,Domain Adaptation with Structural Correspondence Learning,ReferenceOfReference,"['John Blitzer', 'Ryan T. McDonald', 'Fernando C Pereira']",2006,10.3115/1610075.1610094
10.3115/1119176.1119195,Introduction to the CoNLL-2003 Shared Task: Language-Independent Named Entity Recognition,ReferenceOfReference,"['E. Tjong Kim Sang', 'F. D. Meulder']",2003,10.3115/1119176.1119195
10.1177/107769905303000401,“Cloze Procedure”: A New Tool for Measuring Readability,ReferenceOfReference,['W. L. Taylor'],1953,10.1177/107769905303000401
10.1109/ICDE.2017.35,Scalable Temporal Latent Space Inference for Link Prediction in Dynamic Social Networks (Extended Abstract),ReferenceOfReference,"['Linhong Zhu', 'Dong Guo', 'Junming Yin', 'G. V. Steeg', 'A. Galstyan']",2017,10.1109/ICDE.2017.35
10.1145/3018661.3018667,Label Informed Attributed Network Embedding,ReferenceOfReference,"['Xiao Huang', 'Jundong Li', 'Xia Hu']",2017,10.1145/3018661.3018667
10.1145/2020408.2020566,Compression of weighted graphs,ReferenceOfReference,"['Hannu (TT) Toivonen', 'Fang Zhou', 'Aleksi Hartikainen', 'Atte Hinkka']",2011,10.1145/2020408.2020566
10.1016/j.patcog.2010.11.015,Recent advances in graph-based pattern recognition with applications in document analysis,ReferenceOfReference,"['H. Bunke', 'Kaspar Riesen']",2011,10.1016/j.patcog.2010.11.015
10.1038/NPRE.2011.5627.1,The BioGRID Interaction Database,ReferenceOfReference,"['M. Livstone', 'Bobby-Joe Breitkreutz', 'Chris Stark', 'Lorrie Boucher', 'A. Chatr-aryamontri', 'R. Oughtred', 'Julie Nixon', 'T. Reguly', 'J. Rust', 'Andrew G. Winter', 'K. Dolinski', 'M. Tyers']",2011,10.1038/NPRE.2011.5627.1
10.1007/978-1-4419-8462-3_5,Node Classification in Social Networks,ReferenceOfReference,"['Smriti Bhagat', 'Graham Cormode', 'S. Muthukrishnan']",2011,10.1007/978-1-4419-8462-3_5
10.1016/j.physa.2010.11.027,Link Prediction in Complex Networks: A Survey,ReferenceOfReference,"['Linyuan Lu', 'Tao Zhou']",2010,10.1016/j.physa.2010.11.027
10.1109/JPROC.2010.2044470,Sparse Representation for Computer Vision and Pattern Recognition,ReferenceOfReference,"['John Wright', 'Yi Ma', 'J. Mairal', 'G. Sapiro', 'Thomas S. Huang', 'Shuicheng Yan']",2010,10.1109/JPROC.2010.2044470
10.1145/1645953.1646094,Scalable learning of collective behavior based on sparse social dimensions,ReferenceOfReference,"['Lei Tang', 'Huan Liu']",2009,10.1145/1645953.1646094
10.14778/1687627.1687709,Graph Clustering Based on Structural/Attribute Similarities,ReferenceOfReference,"['Yang Zhou', 'Hong Cheng', 'J. Yu']",2009,10.14778/1687627.1687709
10.1145/1557019.1557109,Relational learning via latent social dimensions,ReferenceOfReference,"['Lei Tang', 'Huan Liu']",2009,10.1145/1557019.1557109
10.1109/CVPR.2008.4587665,Non-negative graph embedding,ReferenceOfReference,"['Jianchao Yang', 'Shuicheng Yan', 'Yun Fu', 'Xuelong Li', 'Thomas S. Huang']",2008,10.1109/CVPR.2008.4587665
10.1145/1376616.1376661,Graph summarization with bounded error,ReferenceOfReference,"['Saket Navlakha', 'R. Rastogi', 'Nisheeth Shrivastava']",2008,10.1145/1376616.1376661
10.1145/1376616.1376675,Efficient aggregation for graph summarization,ReferenceOfReference,"['Yuanyuan Tian', 'R. Hankins', 'J. Patel']",2008,10.1145/1376616.1376675
10.1038/nature06830,Hierarchical structure and the prediction of missing links in networks,ReferenceOfReference,"['A. Clauset', 'Cristopher Moore', 'M. Newman']",2008,10.1038/nature06830
10.1145/1367497.1367618,Video suggestion and discovery for youtube: taking random walks through the view graph,ReferenceOfReference,"['S. Baluja', 'Rohan Seth', 'D. Sivakumar', 'Yushi Jing', 'J. Yagnik', 'Shankar Kumar', 'Deepak Ravichandran', 'M. Aly']",2008,10.1145/1367497.1367618
10.1093/nar/gkm1001,The BioGRID Interaction Database: 2008 update,ReferenceOfReference,"['Bobby-Joe Breitkreutz', 'Chris Stark', 'T. Reguly', 'Lorrie Boucher', 'A. Breitkreutz', 'M. Livstone', 'R. Oughtred', 'D. Lackner', 'J. Bähler', 'V. Wood', 'K. Dolinski', 'M. Tyers']",2007,10.1093/nar/gkm1001
10.1145/1281192.1281280,SCAN: a structural clustering algorithm for networks,ReferenceOfReference,"['Xiaowei Xu', 'Nurcan Yuruk', 'Zhidan Feng', 'T. Schweiger']",2007,10.1145/1281192.1281280
10.1145/1348549.1348560,Applying link-based classification to label blogs,ReferenceOfReference,"['Smriti Bhagat', 'Irina Rozenbaum', 'Graham Cormode']",2007,10.1145/1348549.1348560
10.1145/1273496.1273503,The rendezvous algorithm: multiclass semi-supervised learning with Markov random walks,ReferenceOfReference,['Arik Azran'],2007,10.1145/1273496.1273503
10.1007/978-3-540-72903-7_35,Graph Embedding in Vector Spaces by Means of Prototype Selection,ReferenceOfReference,"['Kaspar Riesen', 'M. Neuhaus', 'H. Bunke']",2007,10.1007/978-3-540-72903-7_35
10.1109/TKDE.2007.46,Random-Walk Computation of Similarities between Nodes of a Graph with Application to Collaborative Recommendation,ReferenceOfReference,"['François Fouss', 'Alain Pirotte', 'J. Renders', 'M. Saerens']",2007,10.1109/TKDE.2007.46
10.7551/mitpress/7503.003.0199,Stochastic Relational Models for Discriminative Link Prediction,ReferenceOfReference,"['Kai Yu', 'Wei Chu', 'Shipeng Yu', 'Volker Tresp', 'Zhao Xu']",2006,10.7551/mitpress/7503.003.0199
10.1145/1217299.1217301,Graph evolution: Densification and shrinking diameters,ReferenceOfReference,"['J. Leskovec', 'J. Kleinberg', 'C. Faloutsos']",2006,10.1145/1217299.1217301
10.1002/9781118548387,Applied Logistic Regression: Hosmer/Applied Logistic Regression,ReferenceOfReference,"['D. Hosmer', 'S. Lemeshow', 'Rodney X. Sturdivant']",2005,10.1002/9781118548387
10.1002/0471602396.CH14,PRINCIPAL COMPONENT ANALYSIS AND FACTOR ANALYSIS,ReferenceOfReference,"['G. Belle', 'L. Fisher', 'P. Heagerty', 'T. Lumley']",2004,10.1002/0471602396.CH14
10.1145/980972.980992,Overview of the 2003 KDD Cup,ReferenceOfReference,"['J. Gehrke', 'P. Ginsparg', 'J. Kleinberg']",2003,10.1145/980972.980992
10.1145/956863.956972,The link prediction problem for social networks,ReferenceOfReference,"['David Liben-Nowell', 'Jon M. Kleinberg']",2003,10.1145/956863.956972
10.1016/j.socnet.2004.11.009,A measure of betweenness centrality based on random walks,ReferenceOfReference,['M. Newman'],2003,10.1016/j.socnet.2004.11.009
10.1103/PhysRevE.69.026113,Finding and evaluating community structure in networks.,ReferenceOfReference,"['Mark Newman', 'Mark Newman', 'Michelle Girvan', 'Michelle Girvan']",2003,10.1103/PhysRevE.69.026113
10.1016/S0378-8733(03)00009-1,Friends and neighbors on the Web,ReferenceOfReference,"['Lada A. Adamic', 'Eytan Adar']",2003,10.1016/S0378-8733(03)00009-1
10.1109/ICDM.2001.989507,A min-max cut algorithm for graph partitioning and data clustering,ReferenceOfReference,"['C. Ding', 'Xiaofeng He', 'H. Zha', 'Ming Gu', 'H. Simon']",2001,10.1109/ICDM.2001.989507
10.1098/rspb.2001.1800,The small world of human language,ReferenceOfReference,"['R. F. Cancho', 'R. V. Solé']",2001,10.1098/rspb.2001.1800
10.7551/mitpress/1120.003.0080,Laplacian Eigenmaps and Spectral Techniques for Embedding and Clustering,ReferenceOfReference,"['M. Belkin', 'P. Niyogi']",2001,10.7551/mitpress/1120.003.0080
10.1126/SCIENCE.290.5500.2319,A global geometric framework for nonlinear dimensionality reduction.,ReferenceOfReference,"['J. Tenenbaum', 'V. Silva', 'John C. Langford']",2000,10.1126/SCIENCE.290.5500.2319
10.1002/0471667196.ess1206,IEEE Transactions on Pattern Analysis and Machine Intelligence,ReferenceOfReference,['King-Sun Fu'],2004,10.1002/0471667196.ess1206
10.1002/1097-024X(200009)30:11%3C1203::AID-SPE338%3E3.0.CO;2-N,An open graph visualization system and its applications to software engineering,ReferenceOfReference,"['E. Gansner', 'S. North']",2000,10.1002/1097-024X(200009)30:11%3C1203::AID-SPE338%3E3.0.CO;2-N
10.1109/CVPR.1997.609407,Normalized cuts and image segmentation,ReferenceOfReference,"['Jianbo Shi', 'J. Malik']",1997,10.1109/CVPR.1997.609407
10.1109/65.587044,The changing environment for security protocols,ReferenceOfReference,['R. Needham'],1997,10.1109/65.587044
10.1007/BF01098364,The maximum clique problem,ReferenceOfReference,"['P. Pardalos', 'J. Xue']",1994,10.1007/BF01098364
10.1145/103418.103424,"Clique partitions, graph compression and speeding-up algorithms",ReferenceOfReference,"['T. Feder', 'R. Motwani']",1991,10.1145/103418.103424
10.1016/0893-6080(90)90005-6,Universal approximation of an unknown mapping and its derivatives using multilayer feedforward networks,ReferenceOfReference,"['K. Hornik', 'M. Stinchcombe', 'H. White']",1990,10.1016/0893-6080(90)90005-6
10.1109/WVL.1989.77035,How to draw a directed graph,ReferenceOfReference,"['P. Eades', 'Xuemin Lin']",1989,10.1109/WVL.1989.77035
10.1016/0925-7721(94)00014-X,Algorithms for Drawing Graphs: an Annotated Bibliography,ReferenceOfReference,"['G. Battista', 'P. Eades', 'R. Tamassia', 'I. Tollis']",1988,10.1016/0925-7721(94)00014-X
10.1080/01621459.1987.10478385,Stochastic Blockmodels for Directed Graphs,ReferenceOfReference,"['Yuchung J. Wang', 'G. Wong']",1987,10.1080/01621459.1987.10478385
10.1016/0378-8733(83)90021-7,Stochastic blockmodels: First steps,ReferenceOfReference,"['P. Holland', 'Kathryn B. Laskey', 'S. Leinhardt']",1983,10.1016/0378-8733(83)90021-7
10.2307/3010642,"Graphs, Networks, and Algorithms",ReferenceOfReference,['D. Jungnickel'],1980,10.2307/3010642
10.1016/0005-1098(78)90005-5,Modeling By Shortest Data Description*,ReferenceOfReference,['J. Rissanen'],1978,10.1016/0005-1098(78)90005-5
10.1086/jar.33.4.3629752,An Information Flow Model for Conflict and Fission in Small Groups,ReferenceOfReference,"['Konstantin Avrachenkov', 'Aleksei Yu. Kondratev', 'V. Mazalov']",1977,10.1086/jar.33.4.3629752
10.1137/0713009,Generalizing the Singular Value Decomposition,ReferenceOfReference,['C. Loan'],1976,10.1137/0713009
10.1086/226141,Social Structure from Multiple Networks. I. Blockmodels of Roles and Positions,ReferenceOfReference,"['H. White', 'S. Boorman', 'R. Breiger']",1976,10.1086/226141
10.1007/BF02289026,A new status index derived from sociometric analysis,ReferenceOfReference,['L. Katz'],1953,10.1007/BF02289026
10.1080/14786440109462720,LIII. On lines and planes of closest fit to systems of points in space,ReferenceOfReference,['Karl Pearson F.R.S.'],1901,10.1080/14786440109462720
10.7551/mitpress/11884.003.0005,Graphs,ReferenceOfReference,[],2020,10.7551/mitpress/11884.003.0005
10.4018/978-1-4666-9964-9.CH003,Link Prediction in Complex Networks,ReferenceOfReference,"['Manisha Pujari', 'R. Kanawati']",2020,10.4018/978-1-4666-9964-9.CH003
10.1007/978-1-4939-7131-2_100470,Homophily,ReferenceOfReference,[],2018,10.1007/978-1-4939-7131-2_100470
10.1007/978-1-4419-8462-3_9,A Survey of Link Prediction in Social Networks,ReferenceOfReference,"['M. Hasan', 'Mohammed J. Zaki']",2011,10.1007/978-1-4419-8462-3_9
10.1007/978-1-4419-8462-3_11,Visualizing Social Networks,ReferenceOfReference,"['Carlos D. Correa', 'K. Ma']",2011,10.1007/978-1-4419-8462-3_11
10.1038/nprot.2009.177,Network visualization and analysis of gene expression data using BioLayout Express3D,ReferenceOfReference,"['Athanasios Theocharidis', 'Stjin van Dongen', 'Anton J. Enright', 'T. Freeman']",2009,10.1038/nprot.2009.177
10.1007/b138283,"Graphs, networks and algorithms",ReferenceOfReference,"['L. Viennot', 'M. Habib', 'Danielle Croisy', 'Yacine Boufkhad', 'Pierre Charbit', 'D. Fortin', 'P. Fraigniaud', 'E. Lebhar', 'F. D. Montgolfier', 'A. Gai', 'V. Limouzy', 'Diego Perino', 'A. Phan', 'Mauricio Soto', 'Hien To']",2007,10.1007/b138283
10.1137/1.9781611972757.25,A Spectral Clustering Approach To Finding Communities in Graph,ReferenceOfReference,"['Scott White', 'Padhraic Smyth']",2005,10.1137/1.9781611972757.25
10.1109/2945.841119,Graph Visualization and Navigation in Information Visualization: A Survey,ReferenceOfReference,"['I. Herman', 'Guy Melançon', 'M. S. Marshall']",2000,10.1109/2945.841119
10.5169/SEALS-266450,Etude comparative de la distribution florale dans une portion des Alpes et des Jura,ReferenceOfReference,['P. Jaccard'],,10.5169/SEALS-266450
10.1007/s11192-021-03984-1,Semantic and relational spaces in science of science: deep learning models for article vectorisation,Reference,"Diego Kozlowski, Jennifer Dusdal, Jun Pang, and Andreas Zilian",2021,10.1007/s11192-021-03984-1
10.1162/qss_e_00061,Bridging the divide between qualitative and quantitative science studies,ReferenceOfReference,"['L. Leydesdorff', 'Ismael Rafols', 'Stasa Milojevic']",2020,10.1162/qss_e_00061
10.1162/qss_a_00056,Against method: Exploding the boundary between qualitative and quantitative studies of science,ReferenceOfReference,"['Donghyun Kang', 'James A. Evans']",2020,10.1162/qss_a_00056
10.1007/s11192-020-03563-w,The world-systemic network of global elite sociology: the western male monoculture at faculties of the top one-hundred sociology departments of the world,ReferenceOfReference,"['Márton Demeter', 'T. Tóth']",2020,10.1007/s11192-020-03563-w
10.1177/0038038519853146,The Methodological Divide of Sociology: Evidence from Two Decades of Journal Publications,ReferenceOfReference,"['Carsten Schwemmer', 'Oliver Wieczorek']",2020,10.1177/0038038519853146
10.1007/s10734-020-00500-x,"Mapping the scattered field of research on higher education. A correlated topic model of 17,000 articles, 1991–2018",ReferenceOfReference,"['Stijn Daenekindt', 'J. Huisman']",2020,10.1007/s10734-020-00500-x
10.1016/J.NEUNET.2020.06.006,A Gentle Introduction to Deep Learning for Graphs,ReferenceOfReference,"['D. Bacciu', 'Federico Errica', 'A. Micheli', 'M. Podda']",2019,10.1016/J.NEUNET.2020.06.006
10.1007/s11192-019-03206-9,P2V: large-scale academic paper embedding,ReferenceOfReference,"['Yi Zhang', 'Fen Zhao', 'Jianguo Lu']",2019,10.1007/s11192-019-03206-9
10.18653/v1/P19-1452,BERT Rediscovers the Classical NLP Pipeline,ReferenceOfReference,"['Ian Tenney', 'Dipanjan Das', 'Ellie Pavlick']",2019,10.18653/v1/P19-1452
10.1109/TPAMI.2021.3081010,Graph U-Nets,ReferenceOfReference,"['Hongyang Gao', 'Shuiwang Ji']",2019,10.1109/TPAMI.2021.3081010
10.1177/0003122419877135,The Geometry of Culture: Analyzing the Meanings of Class through Word Embeddings,ReferenceOfReference,"['Austin C. Kozlowski', 'Matt Taddy', 'James A. Evans']",2018,10.1177/0003122419877135
10.1126/science.aao0185,Science of Science,ReferenceOfReference,"['S. Fortunato', 'Carl T. Bergstrom', 'K. Börner', 'James A. Evans', 'D. Helbing', 'Stasa Milojevic', 'A. Petersen', 'F. Radicchi', 'R. Sinatra', 'Brian Uzzi', 'Alessandro Vespignani', 'L. Waltman', 'Dashun Wang', 'A. Barabási']",2018,10.1126/science.aao0185
10.1080/00031305.2017.1375989,Data Organization in Spreadsheets,ReferenceOfReference,"['K. Broman', 'Kara H. Woo']",2018,10.1080/00031305.2017.1375989
10.1073/pnas.1720347115,Word embeddings quantify 100 years of gender and ethnic stereotypes,ReferenceOfReference,"['Nikhil Garg', 'L. Schiebinger', 'Dan Jurafsky', 'James Y. Zou']",2017,10.1073/pnas.1720347115
10.1126/science.aal4230,Semantics derived automatically from language corpora contain human-like biases,ReferenceOfReference,"['Aylin Caliskan', 'J. Bryson', 'Arvind Narayanan']",2016,10.1126/science.aal4230
10.1098/rsta.2012.0375,Network science,ReferenceOfReference,['A. Barabási'],2016,10.1098/rsta.2012.0375
10.1016/j.joi.2015.10.005,Quantifying the cognitive extent of science,ReferenceOfReference,['Stasa Milojevic'],2015,10.1016/j.joi.2015.10.005
10.1080/00091383.2015.1053777,"Exponential Growth and the Shifting Global Center of Gravity of Science Production, 1900–2011",ReferenceOfReference,"['Liang Zhang', 'Justin J. W. Powell', 'D. Baker']",2015,10.1080/00091383.2015.1053777
10.1177/0011392114548640,Introduction: Current tensions and trends in the World Scientific System,ReferenceOfReference,['Fernanda Beigel'],2014,10.1177/0011392114548640
10.3115/v1/W14-3110,LDAvis: A method for visualizing and interpreting topics,ReferenceOfReference,"['Carson Sievert', 'Kenneth E. Shirley']",2014,10.3115/v1/W14-3110
10.1140/epjds/s13688-014-0011-3,Exploiting citation networks for large-scale author name disambiguation,ReferenceOfReference,"['Christian Schulz', 'Amin Mazloumian', 'A. Petersen', 'O. Penner', 'D. Helbing']",2014,10.1140/epjds/s13688-014-0011-3
10.1038/497557a,Collaborations: The fourth age of research,ReferenceOfReference,['Jonathan Adams'],2013,10.1038/497557a
10.1017/nws.2013.2,What is network science?,ReferenceOfReference,"['U. Brandes', 'G. Robins', 'Ann McCranie', 'S. Wasserman']",2013,10.1017/nws.2013.2
10.1057/HEP.2011.9,Power and Networks in Worldwide Knowledge Coordination: The Case of Global Science,ReferenceOfReference,['R. King'],2011,10.1057/HEP.2011.9
10.1007/s11192-010-0162-3,The discipline dependence of citation statistics,ReferenceOfReference,"['Eva Lillquist', 'S. Green']",2010,10.1007/s11192-010-0162-3
10.1007/s11192-009-2126-z,Do types of collaboration change citation? Collaboration and citation patterns of South African science publications,ReferenceOfReference,['R. Sooryamoorthy'],2009,10.1007/s11192-009-2126-z
10.3354/ESEP00084,Citation counts for research evaluation: standards of good practice for analyzing bibliometric data and presenting and interpreting results,ReferenceOfReference,"['L. Bornmann', 'Rüdiger Mutz', 'Christoph Neuhaus', 'Hans-Dieter Daniel']",2008,10.3354/ESEP00084
10.1214/07-AOAS114,A correlated topic model of Science,ReferenceOfReference,"['D. Blei', 'J. Lafferty']",2007,10.1214/07-AOAS114
10.1111/J.1540-5907.2008.00338.X,A Scaling Model for Estimating Time-Series Party Positions from Texts,ReferenceOfReference,"['Jonathan B. Slapin', 'Sven-Oliver Proksch']",2007,10.1111/J.1540-5907.2008.00338.X
10.2307/41166348,Managing in a “Small World Ecosystem”: Lessons from the Software Sector,ReferenceOfReference,"['Bala R. Iyer', 'Chi-Hyon Lee', 'N. Venkatraman', 'David J. McGrath']",2006,10.2307/41166348
10.1023/B:SCIE.0000034384.35498.7d,Inflationary bibliometric values: The role of scientific collaboration and the need for relative indicators in evaluative studies,ReferenceOfReference,"['O. Persson', 'W. Glänzel', 'Rickard Danell']",2004,10.1023/B:SCIE.0000034384.35498.7d
10.1038/430311a,The scientific impact of nations,ReferenceOfReference,['D. King'],2004,10.1038/430311a
10.1177/000312240406900204,The Structure of a Social Science Collaboration Network: Disciplinary Cohesion from 1963 to 1999,ReferenceOfReference,['J. Moody'],2004,10.1177/000312240406900204
10.1177/14761270030013002,"The Small World of the American Corporate Elite, 1982-2001",ReferenceOfReference,"['G. Davis', 'Mina Yoo', 'W. Baker']",2003,10.1177/14761270030013002
10.1016/B978-0-12-411519-4.00006-9,Latent Dirichlet Allocation,ReferenceOfReference,"['Hazel Victoria Campbell', 'Abram Hindle', 'Eleni Stroulia']",2003,10.1016/B978-0-12-411519-4.00006-9
10.1007/BF02458380,The influence of international collaboration on the impact of research results,ReferenceOfReference,['A. Raan'],1998,10.1007/BF02458380
10.1007/BF02459289,Characteristics and impact of the matthew effect for countries,ReferenceOfReference,"['M. Bonitz', 'E. Bruckner', 'A. Scharnhorst']",1997,10.1007/BF02459289
10.1177/030631293023002004,The Matthew Matilda Effect in Science,ReferenceOfReference,['M. Rossiter'],1993,10.1177/030631293023002004
10.1162/neco.1989.1.4.541,Backpropagation Applied to Handwritten Zip Code Recognition,ReferenceOfReference,"['Yann LeCun', 'B. Boser', 'J. Denker', 'D. Henderson', 'R. Howard', 'W. Hubbard', 'L. Jackel']",1989,10.1162/neco.1989.1.4.541
10.2307/2063283,The Sociology of Science: Theoretical and Empirical Investigations.,ReferenceOfReference,"['R. Clignet', 'Robert K. Merton']",1976,10.2307/2063283
10.1002/asi.4630240406,Co-citation in the scientific literature: A new measure of the relationship between two documents,ReferenceOfReference,['H. Small'],1973,10.1002/asi.4630240406
10.1126/SCIENCE.178.4060.471,Citation analysis as a tool in journal evaluation.,ReferenceOfReference,['E. Garfield'],1972,10.1126/SCIENCE.178.4060.471
10.2514/8.5282,Gradient Theory of Optimal Flight Paths,ReferenceOfReference,['H. Kelley'],1960,10.2514/8.5282
10.1126/science.153.3731.34,Dynamic Programming,ReferenceOfReference,['Richard Bellman'],1957,10.1126/science.153.3731.34
10.1007/978-3-319-73004-2_6,Convolutional Neural Networks,ReferenceOfReference,['Sandro Skansi'],2018,10.1007/978-3-319-73004-2_6
10.1142/S1793351X16500045,Deep Learning,ReferenceOfReference,"['Xingbang Hao', 'Guigang Zhang', 'Shang Ma']",2016,10.1142/S1793351X16500045
10.1002/asi.21419,"Co-citation analysis, bibliographic coupling, and direct citation: Which citation approach represents the research front most accurately?",ReferenceOfReference,"['K. Boyack', 'R. Klavans']",2010,10.1002/asi.21419
10.1090/s0002-9947-1984-0756039-5,On the evolution of random graphs,ReferenceOfReference,"['P. Erdos', 'A. Rényi']",1984,10.1090/s0002-9947-1984-0756039-5
10.2307/3104125,"Citation indexing - its theory and application in science, technology, and humanities",ReferenceOfReference,['E. Garfield'],1979,10.2307/3104125
10.1063/1.3128814,The Sociology of Science: Theoretical and Empirical Investigations,ReferenceOfReference,"['Robert K. Merton', 'D. Shapere']",1973,10.1063/1.3128814
10.7312/pric91844,"Little Science, Big Science",ReferenceOfReference,['D. Price'],1965,10.7312/pric91844
10.1002/ASI.5090140103,Bibliographic coupling between scientific papers,ReferenceOfReference,['M. M. Kessler'],1963,10.1002/ASI.5090140103
10.1145/2487575.2487610,Multi-label relational neighbor classification using social context features,ReferenceOfReference,"['Xi Wang', 'G. Sukthankar']",2013,10.1145/2487575.2487610
10.1145/3065386,ImageNet classification with deep convolutional neural networks,ReferenceOfReference,"['A. Krizhevsky', 'I. Sutskever', 'Geoffrey E. Hinton']",2012,10.1145/3065386
10.1109/TASL.2011.2134090,Context-Dependent Pre-Trained Deep Neural Networks for Large-Vocabulary Speech Recognition,ReferenceOfReference,"['George E. Dahl', 'Dong Yu', 'L. Deng', 'A. Acero']",2012,10.1109/TASL.2011.2134090
10.1145/2020408.2020512,It's who you know: graph mining using recursive structural features,ReferenceOfReference,"['Keith W. Henderson', 'Brian Gallagher', 'Lei Li', 'L. Akoglu', 'Tina Eliassi-Rad', 'Hanghang Tong', 'C. Faloutsos']",2011,10.1145/2020408.2020512
10.1007/s10618-010-0210-x,Leveraging social media networks for classification,ReferenceOfReference,"['Lei Tang', 'Huan Liu']",2011,10.1007/s10618-010-0210-x
10.1109/ASONAM.2010.19,Semi-Supervised Classification of Network Data Using Very Few Labels,ReferenceOfReference,"['Frank Lin', 'William W. Cohen']",2010,10.1109/ASONAM.2010.19
10.5555/1756006.1756025,Why Does Unsupervised Pre-training Help Deep Learning?,ReferenceOfReference,"['D. Erhan', 'Aaron C. Courville', 'Yoshua Bengio', 'Pascal Vincent']",2010,10.5555/1756006.1756025
10.1145/1541880.1541882,Anomaly detection: A survey,ReferenceOfReference,"['V. Chandola', 'A. Banerjee', 'Vipin Kumar']",2009,10.1145/1541880.1541882
10.1007/s10994-008-5066-6,A bias/variance decomposition for models using collective inference,ReferenceOfReference,"['Jennifer Neville', 'David D. Jensen']",2008,10.1007/s10994-008-5066-6
10.1007/978-3-642-14929-0_1,Leveraging Label-Independent Features for Classification in Sparsely Labeled Networks: An Empirical Study,ReferenceOfReference,"['Brian Gallagher', 'Tina Eliassi-Rad']",2008,10.1007/978-3-642-14929-0_1
10.1145/1401890.1401925,Using ghost edges for classification in sparsely labeled networks,ReferenceOfReference,"['Brian Gallagher', 'Hanghang Tong', 'Tina Eliassi-Rad', 'C. Faloutsos']",2008,10.1145/1401890.1401925
10.5555/1390681.1442794,LIBLINEAR: A Library for Large Linear Classification,ReferenceOfReference,"['Rong-En Fan', 'Kai-Wei Chang', 'Cho-Jui Hsieh', 'Xiang-Rui Wang', 'Chih-Jen Lin']",2008,10.5555/1390681.1442794
10.1109/FOCS.2006.44,Local Graph Partitioning using PageRank Vectors,ReferenceOfReference,"['Reid Andersen', 'F. C. Graham', 'Kevin J. Lang']",2006,10.1109/FOCS.2006.44
10.1073/PNAS.0601602103,Modularity and community structure in networks.,ReferenceOfReference,['M. Newman'],2006,10.1073/PNAS.0601602103
10.1145/1090193.1090201,Leveraging relational autocorrelation with latent group models,ReferenceOfReference,"['Jennifer Neville', 'David D. Jensen']",2005,10.1145/1090193.1090201
10.1145/1007352.1007372,"Nearly-linear time algorithms for graph partitioning, graph sparsification, and solving linear systems",ReferenceOfReference,"['D. Spielman', 'S. Teng']",2003,10.1145/1007352.1007372
10.1016/0004-3702(91)90084-W,Probabilistic reasoning in intelligent systems: Networks of plausible inference,ReferenceOfReference,['S. K. Andersen'],1991,10.1016/0004-3702(91)90084-W
10.1109/TPAMI.1984.4767596,"Stochastic Relaxation, Gibbs Distributions, and the Bayesian Restoration of Images",ReferenceOfReference,"['S. Geman', 'D. Geman']",1984,10.1109/TPAMI.1984.4767596
10.1109/TPAMI.1983.4767390,On the Foundations of Relaxation Labeling Processes,ReferenceOfReference,"['R. Hummel', 'S. Zucker']",1983,10.1109/TPAMI.1983.4767390
10.1007/978-0-387-31439-6_100248,Stochastic Relaxation,ReferenceOfReference,[],2014,10.1007/978-0-387-31439-6_100248
10.1137/1.9781611972825.71,Fast Random Walk Graph Kernel,ReferenceOfReference,"['U. Kang', 'Hanghang Tong', 'I. Watson', 'Jimeng Sun']",2012,10.1137/1.9781611972825.71
10.7551/mitpress/7432.001.0001,Introduction to Statistical Relational Learning,ReferenceOfReference,"['Charles Sutton', 'A. McCallum']",2007,10.7551/mitpress/7432.001.0001
10.21236/ada452802,A Simple Relational Classifier,ReferenceOfReference,"['Sofus A. Macskassy', 'F. Provost']",2003,10.21236/ada452802
10.1109/ICDM54844.2022.00169,Two Sides of the Same Coin: Heterophily and Oversmoothing in Graph Convolutional Neural Networks,Reference,"Y. Yan, M. Hashemi, K. Swersky, Y. Yang, and D. Koutra",2022,10.1109/ICDM54844.2022.00169
10.1109/icassp43922.2022.9747635,Memory-Based Message Passing: Decoupling the Message for Propagation from Discrimination,ReferenceOfReference,"['Jie Chen', 'Weiqi Liu', 'Jianghuai Pu']",2022,10.1109/icassp43922.2022.9747635
10.1145/3534678.3539418,How does Heterophily Impact the Robustness of Graph Neural Networks?: Theoretical Connections and Practical Implications,ReferenceOfReference,"['Jiong Zhu', 'Junchen Jin', 'Donald Loveland', 'Michael T. Schaub', 'Danai Koutra']",2021,10.1145/3534678.3539418
10.1609/aaai.v35i5.16514,Beyond Low-frequency Information in Graph Convolutional Networks,ReferenceOfReference,"['Deyu Bo', 'Xiao Wang', 'C. Shi', 'Huawei Shen']",2021,10.1609/aaai.v35i5.16514
10.1609/aaai.v35i12.17332,Graph Neural Networks with Heterophily,ReferenceOfReference,"['Jiong Zhu', 'Ryan A. Rossi', 'Anup B. Rao', 'Tung Mai', 'Nedim Lipka', 'Nesreen Ahmed', 'Danai Koutra']",2020,10.1609/aaai.v35i12.17332
10.1145/3459637.3482488,Understanding and Resolving Performance Degradation in Deep Graph Convolutional Networks,ReferenceOfReference,"['Kuangqi Zhou', 'Yanfei Dong', 'Kaixin Wang', 'W. Lee', 'Bryan Hooi', 'Huan Xu', 'Jiashi Feng']",2020,10.1145/3459637.3482488
10.1109/TPAMI.2021.3134200,Non-Local Graph Neural Networks,ReferenceOfReference,"['Meng Liu', 'Zhengyang Wang', 'Shuiwang Ji']",2020,10.1109/TPAMI.2021.3134200
10.1093/comnet/cnab014,Multi-scale Attributed Node Embedding,ReferenceOfReference,"['Benedek Rozemberczki', 'Carl Allen', 'Rik Sarkar']",2019,10.1093/comnet/cnab014
10.1145/3292500.3330921,"GroupINN: Grouping-based Interpretable Neural Network for Classification of Limited, Noisy Brain Data",ReferenceOfReference,"['Yujun Yan', 'Jiong Zhu', 'M. Duda', 'Eric Solarz', 'C. Sripada', 'Danai Koutra']",2019,10.1145/3292500.3330921
10.18653/v1/P19-1247,Encoding Social Information with Graph Convolutional Networks forPolitical Perspective Detection in News Media,ReferenceOfReference,"['Chang Li', 'Dan Goldwasser']",2019,10.18653/v1/P19-1247
10.14778/2735479.2735490,Linearized and Single-Pass Belief Propagation,ReferenceOfReference,"['Wolfgang Gatterbauer', 'Stephan Günnemann', 'Danai Koutra', 'C. Faloutsos']",2014,10.14778/2735479.2735490
10.1145/1557019.1557108,Social influence analysis in large-scale networks,ReferenceOfReference,"['Jie Tang', 'Jimeng Sun', 'Chi Wang', 'Zi Yang']",2009,10.1145/1557019.1557108
10.1145/1242572.1242600,Netprobe: a fast and scalable system for fraud detection in online auction networks,ReferenceOfReference,"['Shashank Pandit', 'Duen Horng Chau', 'Samuel Wang', 'Christos Faloutsos']",2007,10.1145/1242572.1242600
10.1103/PhysRevLett.89.208701,Assortative mixing in networks.,ReferenceOfReference,"['M. Newman', 'M. Newman']",2002,10.1103/PhysRevLett.89.208701
